,od_death_2026,Barrington,Bristol,Burrillville,Central.Falls,Charlestown,Coventry,Cranston,Cumberland,East.Greenwich,East.Providence,Exeter,Foster,Glocester,Hopkinton,Jamestown,Johnston,Lincoln,Little.Compton,Middletown,Narragansett,New.Shoreham,Newport,North.Kingstown,North.Providence,North.Smithfield,Pawtucket,Portsmouth,Providence,Richmond,Scituate,Smithfield,South.Kingstown,Tiverton,Warren,Warwick,West.Greenwich,West.Warwick,Westerly,Woonsocket
85,342.26,633.67668244929,1184.73706551464,856.002023236237,997.837039308612,521.094141352198,1408.82002430585,3933.20258401536,2082.90462487004,479.956150670307,2191.55870773203,184.808524527255,96.3127972407973,362.816628326794,680.566797861019,529.264621266578,1646.68583503402,1292.19635420938,328.001826343052,703.190558421663,1079.08726508183,0.0434221271700808,1420.18680326956,1136.13051636421,1660.75189707206,384.218551508494,3365.61709362534,903.853291023012,6736.33733548529,361.576221235946,558.366683293248,1177.2085827219,1543.77302405032,709.628787620891,489.744133301583,3813.9059772671,224.635990802421,1626.6398839501,904.654289338848,1790.00726417555
61,342.52,627.614942593867,1171.52460513314,901.09061662973,1036.57906104626,596.042655785585,1452.07865027833,3993.26422819475,2214.80509403868,419.035832896028,2228.46596037738,162.203148924583,1.06801686661215,295.299357649317,720.010014319699,488.44531273306,1612.07927212022,1313.18751428212,338.375190913723,770.096570241915,1132.89690105249,0.0929082186272074,1528.96600950592,965.204191459091,1674.88937781148,386.691463107857,3476.06771764137,928.882931018836,6492.04214301746,298.978861901008,572.822534834808,1146.91648966756,1670.40425831222,624.007704489614,272.02787523481,3712.60110552314,256.032434136258,1681.05319194985,964.204376441112,1873.9514799767
39,342.55,628.700249804163,1137.7495356138,899.606233415396,1063.17033518588,564.672374388527,1303.04917276855,4173.36213753397,2162.72526277228,379.013905306943,2213.60396795804,176.292054437811,2.85102335743053,296.493969929342,727.618927268328,519.015185501635,1602.17314636182,1305.52855081736,332.771967824824,762.41366345752,1067.18435397996,0.0570054325152161,1517.91776152199,995.873129716273,1722.42621880318,358.513683936948,3602.65085751326,879.652469787375,6534.14565232475,327.629466070196,537.150114046447,1122.37927361005,1478.45922411369,648.252680405821,360.045190880703,3774.2297936445,270.622491488192,1697.65394601368,945.096039898707,1909.2489830238
14,342.57,627.652872120168,1181.99794577405,930.532241733831,1003.05651724578,476.268466737235,1498.5440714111,3849.9609830843,2157.10148111157,480.659420438961,2127.77823902226,209.887697048459,55.183326703712,305.249500214904,689.971500578084,549.629254008271,1563.89982885059,1241.38178449709,301.638910667308,700.296506366024,1145.93241603041,0.0519135475376265,1493.93503119207,1021.19408768531,1598.67635425639,424.880788063097,3508.55365356556,907.267127802708,6861.58009072355,351.112195497055,498.719589502406,1194.29483074588,1612.6408512401,622.010893813509,357.491871147635,3893.51552299961,230.409862103049,1691.80024887837,857.935906484943,1777.30621710712
2,342.59,660.246173309044,1170.69694298414,826.441907188823,957.187772746815,401.328762781115,1271.87393975102,4099.83764474899,2211.34490839467,461.371479659658,2106.05498578564,209.089827761687,23.6681843736155,327.661975651123,669.554308257984,522.547663102059,1558.94544439429,1247.95240722338,308.637966128751,704.137643197104,1031.55592791361,0.0412716766575553,1535.98844251735,1043.67658708297,1705.34960888099,355.771729650729,3475.1870763047,902.834936841408,7272.72951203674,377.953764298828,524.800631997362,1178.49251384405,1591.81906900585,654.376262661267,362.778119485802,3586.38941840267,200.961959245603,1664.44139797003,886.101956775243,1910.16987596823
54,342.68,579.166946314395,1143.80552346058,877.368500387735,1013.5628756337,537.381968203876,1402.55066946928,3963.36771843167,2219.14381653718,432.789880107556,2182.31916314799,181.932346277256,5.40202242615754,316.990000650375,714.90994695762,483.252379008383,1608.82918085465,1292.82753893836,325.94500899625,744.16156627064,1143.83710468459,0.172303425674133,1543.84194432141,1029.04577496647,1633.94435144634,451.641198328758,3468.37719698113,907.551278318746,6581.79416445878,322.334275060667,532.967796363629,1111.95503400528,1650.03385321845,646.692282828036,399.063982386562,3946.86693694402,238.032182249939,1631.79013834982,893.439786678378,1840.91136290536
63,342.71,609.029277487126,1126.40596382479,899.02910987879,1065.32536913557,584.644564843905,1359.02105425756,4071.44573832367,2137.4126559161,380.003648374482,2181.32639808665,167.680121523179,1.59467967781295,297.293789729411,737.158504042261,511.987686416874,1599.25631108766,1276.46698930433,318.21932563302,767.474974263493,1099.94635348883,0.136199366170592,1503.76619759589,973.345676683711,1688.14972089515,378.784328153294,3588.69463279233,900.043593140684,6549.72581405058,335.64331835634,546.969424940148,1082.41733913971,1493.69030699037,646.756722324938,381.508140883194,3986.90279608419,270.49558802467,1673.16342318223,939.764239132897,1869.32002294396
41,342.83,590.116464660784,1141.77406803331,909.948409593182,1020.59819398664,536.326378528103,1400.66179698056,4001.95036837753,2192.23451603557,436.101050858142,2190.73304164445,192.651425433928,1.58087257670872,306.011720617163,714.73427721121,487.703377267483,1612.08485983409,1298.35574734655,323.92352235802,736.518252725284,1129.50475362725,0.0569759057465326,1529.70396392601,1026.45354506115,1651.69596434418,434.751111280742,3481.94276752061,897.6160067901,6570.76686896154,325.056818873201,532.608016879142,1112.82144417138,1617.12904411658,631.338352118857,391.985522944414,3905.6456471294,247.120276472795,1655.08187647643,900.36839534075,1864.34430399097
28,342.88,624.104172680069,1157.82730940668,881.842083467014,1055.25223636608,538.856278816802,1371.5324378429,4010.73410287153,2183.57646813859,347.860494053653,2227.43129092269,151.156118740088,12.5191823532989,318.187043263756,724.582841417372,551.567801520365,1538.33799675385,1259.17877189279,299.592621892121,754.67263127315,1061.49727152933,0.0822025065913466,1521.61071399978,976.983638315382,1706.78964635455,355.104860704922,3657.89168171288,936.869673019643,6869.57234104918,375.460899507891,522.605914318105,1170.2837852823,1373.2704704001,646.233703683907,347.131171044163,3829.66521239483,221.10257363455,1674.47702579806,918.660609114172,1825.89472176222
82,342.88,631.1473752711,1141.939077109,905.750470451011,1076.72540348963,560.005391699704,1315.48281394007,4133.99153513299,2130.91300281234,364.908978765871,2201.09516944768,175.541010367293,12.2978450353044,289.75216457132,739.349486192746,531.20023542666,1601.59553892439,1292.14986503635,320.853545974205,768.714072271833,1099.47104534955,0.0100990095726835,1528.03662579754,965.205319578475,1706.84147764644,357.924243713034,3621.68821860962,880.12278899524,6539.57557963324,321.560028355001,534.232202510426,1115.93963467623,1471.18104702227,645.490971415211,359.644389424694,3870.26031471432,274.827069078999,1695.95726077993,943.365212488243,1875.2534892786
26,342.89,661.649057958122,1175.78143143998,871.555710539471,1002.29423572225,541.927317778551,1255.67647669763,4178.9770078096,2235.18540673189,449.654877097473,2224.9207064926,195.428061539654,23.0883162808494,313.213789553347,685.103756364064,491.822814901474,1609.99560942404,1277.30419350635,358.715130085811,718.799281159833,1050.99982257825,0.0404593208601539,1486.67668809176,1074.90053709893,1687.36893581659,388.974071774228,3490.52094738114,866.831596772539,6572.31142993463,335.966335562005,544.425824676482,1144.46230078087,1557.33678535706,674.112251936797,432.671561889782,3740.50339626067,264.100153778606,1637.36011533124,874.838896768377,1904.5047078076
83,342.9,580.853417927631,1123.64140076491,886.07764055586,1039.94443071785,566.710574438946,1372.40149345854,4028.0328536591,2167.00031513005,397.169616796431,2209.80223492565,167.814804902061,0.612760876949027,321.406348045706,731.730336429315,492.499405703885,1613.56231996462,1285.90203529338,314.758457838041,742.050948416573,1100.74358700773,0.114524731706427,1533.92995281957,1018.52748580167,1670.55393276893,430.525872835019,3516.0497748457,919.372179317049,6529.82814497225,336.600436479356,537.008850653053,1096.60475340032,1518.99202899206,645.684613281561,434.967506840049,4032.3338211375,251.964293081254,1652.57616365485,881.588475110605,1850.06220631472
27,342.9,605.274531525733,1196.03347661492,983.520943170576,1080.59342331615,552.805594544675,1456.62813292069,4076.35326494976,2108.03766598889,421.781317732422,2158.84433354336,193.975023434385,1.52090896689362,276.465957179124,764.800981972631,535.79184418036,1623.4453528825,1301.71911020623,327.809710010742,745.68416707865,1089.12044016389,0.0491836244890974,1408.30970973049,939.597161359609,1636.65616012933,371.374049933755,3488.21323884684,913.822470460476,6670.24213160565,290.292597864798,532.017599425128,1115.53153026068,1480.49417085008,634.548751859129,369.423578162012,3867.60943236685,296.869466631983,1734.23866393846,877.25020730718,1873.25371536491
5,342.92,664.373242437579,1227.08559216346,963.234010761213,1038.99856250421,413.131740763137,1385.5564114807,3909.51346001698,2241.31724377782,377.108328919775,2103.80836006213,170.003013687779,3.1409376642443,305.765589074507,735.747638223474,530.616670037055,1598.14072918208,1247.65388172893,292.247637988476,697.743237288902,1123.77075735044,0.0305279939421511,1583.48828956967,982.072269465475,1603.26367526222,418.506614894604,3671.86239980992,947.428053551825,7227.04034545933,364.554300668191,411.401323489333,1274.26139680254,1376.36657527547,624.29978262297,328.40466915295,3533.60250988038,232.486937180987,1741.54099898236,783.215626943129,1867.21665788182
51,342.97,625.222265119354,1119.9905830554,897.703117207046,1059.30811619625,607.11292607068,1325.49969828968,4142.59914935283,2164.06628058173,394.606837783172,2214.48748451636,168.918723678759,2.90423145856304,290.986442240434,728.705214256865,501.661678994766,1617.72658127282,1295.47922969145,333.950305181391,761.182715043213,1083.93116834528,0.0654378659544882,1518.7585511439,977.929912359273,1711.68042254984,370.350982217794,3525.76103114293,893.334139109451,6524.92842144003,323.96773652374,554.322771092819,1123.63833462783,1509.35121848244,643.506488446786,370.252022140105,3843.42906643261,269.07529626279,1689.72309045196,937.311009530599,1876.57131984324
91,342.97,514.40871719222,1148.48992993285,828.470630222112,993.905269696024,526.939403602883,1424.1142744787,3982.87086992378,2203.37566324256,414.817246633528,2294.47230022923,160.299916844127,0.0486834133946244,369.470569407933,709.69271450772,492.183900808638,1615.44159230921,1311.75230817729,308.527488316974,733.897728467526,1119.76219572028,0.0994642918941205,1543.39160188355,1069.02723236101,1699.19484928204,444.066999463802,3396.86492076237,947.883022005249,6613.44369127936,320.040531550144,551.426003600551,1138.75422655519,1593.11770190826,624.427486145295,369.582204430679,3913.62341994394,190.454428375637,1649.15491944061,946.081873325246,1836.42402038497
31,342.98,624.192603755629,1184.67907925668,937.551549362928,1046.24317430693,522.526972614742,1485.52332175605,3945.80181043375,2143.74498025635,477.3097703807,2135.31775812152,194.777828189859,47.8487419956016,281.105181634328,733.179703248097,551.816140748443,1594.65328870436,1276.34718794749,327.785118075425,743.510625206353,1103.3575918794,0.068736042121528,1427.16968938515,931.70628191243,1611.39761110605,395.064507993636,3466.32601177846,894.566061628823,6797.85065815825,279.560494084736,541.060841740396,1144.76847314095,1617.40343117428,643.253492986699,329.211773355799,3864.14866533885,291.31183495451,1710.57353752386,859.615289788546,1837.67017922708
33,343.03,607.544169861726,1152.93567599856,883.062798074241,1031.52212781451,579.241938314131,1474.03657972846,3975.40572262191,2173.83895547644,442.672681784762,2225.32466600097,174.427230278843,0.0671968647373556,314.098394470106,721.243857764766,495.187297023575,1599.71785249539,1299.58575835483,301.327115220446,757.612208913193,1132.91420180603,0.112968487234928,1572.62331332056,922.367285892932,1682.81179214139,386.875252802748,3409.90679223746,933.091974304038,6641.89375595298,300.388802530632,565.033041361586,1164.87237047204,1684.97045185775,612.220484703687,213.63299405487,3753.35879871329,239.164063448619,1740.4970279756,948.833258504428,1885.57914237054
8,343.03,607.05567994144,1326.89581015538,797.718971428862,993.120894620814,414.133712157865,1537.8607513878,3794.46743315602,2267.8503750626,442.859501715579,2028.7453804586,218.807446676355,2.08118213474342,375.322771705022,766.664215009196,490.745261564097,1517.44889772598,1204.34170093977,286.06291056546,740.156966800583,1132.37945848461,0.0720199048039114,1560.2134911232,981.205402252671,1478.87006347369,507.387738175348,3340.38815774529,988.16832470741,7492.64818468701,308.06802173511,511.797794016233,1237.99557705813,1698.28271944442,693.034948508572,144.815956481605,3522.67044907581,232.761881204441,1637.35936656907,760.812863049446,1958.72771909852
16,343.03,584.395049947508,1155.25880994561,914.362817611314,1010.4062766429,537.131055417468,1413.41912797155,3966.0493360714,2205.12615886625,444.176931887081,2218.7039321858,185.430647329872,2.25063492978059,306.513849472003,699.458857058594,495.860388825783,1660.07038415339,1312.89685431472,326.015151941858,715.183601551603,1112.99326973421,0.0183638646975608,1511.65844424856,987.687798468249,1653.21274988642,432.181648873066,3395.4542743586,931.808268324699,6670.98075239168,329.134788290448,527.708522466667,1187.58427187076,1613.61305076912,607.936945831424,361.474761840604,3851.82300503062,227.84798773535,1665.32364177566,906.231581624649,1872.61599384545
