,Barrington,Bristol,Burrillville,Central Falls,Charlestown,Coventry,Cranston,Cumberland,East Greenwich,East Providence,Exeter,Foster,Glocester,Hopkinton,Jamestown,Johnston,Lincoln,Little Compton,Middletown,Narragansett,New Shoreham,Newport,North Kingstown,North Providence,North Smithfield,Pawtucket,Portsmouth,Providence,Richmond,Scituate,Smithfield,South Kingstown,Tiverton,Warren,Warwick,West Greenwich,West Warwick,Westerly,Woonsocket
0,290.0,251.0,221.0,276.0,816.0,131.0,3077.0,115.0,155.0,2249.0,55.0,46.0,15.0,25.0,115.0,1203.0,249.0,13.0,728.0,286.0,187.0,1342.0,215.0,277.0,66.0,2778.0,295.0,15406.0,300.0,104.0,453.0,4271.0,538.0,2420.0,3760.0,64.0,1855.0,1219.0,4134.0
1,290.0,251.0,221.0,276.0,816.0,131.0,3077.0,115.0,155.0,2249.0,55.0,46.0,15.0,25.0,115.0,1203.0,249.0,13.0,728.0,286.0,187.0,1342.0,215.0,277.0,66.0,2778.0,295.0,15406.0,300.0,104.0,453.0,4271.0,538.0,2420.0,3760.0,64.0,1855.0,1219.0,4134.0
2,290.0,251.0,221.0,276.0,816.0,131.0,3077.0,115.0,155.0,2249.0,55.0,46.0,15.0,25.0,115.0,1203.0,249.0,13.0,728.0,286.0,187.0,1342.0,215.0,277.0,66.0,2778.0,295.0,15406.0,300.0,104.0,453.0,4271.0,538.0,2420.0,3760.0,64.0,1855.0,1219.0,4134.0
3,290.0,251.0,221.0,276.0,816.0,131.0,3077.0,115.0,155.0,2249.0,55.0,46.0,15.0,25.0,115.0,1203.0,249.0,13.0,728.0,286.0,187.0,1342.0,215.0,277.0,66.0,2778.0,295.0,15406.0,300.0,104.0,453.0,4271.0,538.0,2420.0,3760.0,64.0,1855.0,1219.0,4134.0
4,290.0,251.0,221.0,276.0,816.0,131.0,3077.0,115.0,155.0,2249.0,55.0,46.0,15.0,25.0,115.0,1203.0,249.0,13.0,728.0,286.0,187.0,1342.0,215.0,277.0,66.0,2778.0,295.0,15406.0,300.0,104.0,453.0,4271.0,538.0,2420.0,3760.0,64.0,1855.0,1219.0,4134.0
5,290.0,251.0,221.0,276.0,816.0,131.0,3077.0,115.0,155.0,2249.0,55.0,46.0,15.0,25.0,115.0,1203.0,249.0,13.0,728.0,286.0,187.0,1342.0,215.0,277.0,66.0,2778.0,295.0,15406.0,300.0,104.0,453.0,4271.0,538.0,2420.0,3760.0,64.0,1855.0,1219.0,4134.0
6,290.0,251.0,221.0,276.0,816.0,131.0,3077.0,115.0,155.0,2249.0,55.0,46.0,15.0,25.0,115.0,1203.0,249.0,13.0,728.0,286.0,187.0,1342.0,215.0,277.0,66.0,2778.0,295.0,15406.0,300.0,104.0,453.0,4271.0,538.0,2420.0,3760.0,64.0,1855.0,1219.0,4134.0
7,290.0,251.0,221.0,276.0,816.0,131.0,3077.0,115.0,155.0,2249.0,55.0,46.0,15.0,25.0,115.0,1203.0,249.0,13.0,728.0,286.0,187.0,1342.0,215.0,277.0,66.0,2778.0,295.0,15406.0,300.0,104.0,453.0,4271.0,538.0,2420.0,3760.0,64.0,1855.0,1219.0,4134.0
8,290.0,251.0,221.0,276.0,816.0,131.0,3077.0,115.0,155.0,2249.0,55.0,46.0,15.0,25.0,115.0,1203.0,249.0,13.0,728.0,286.0,187.0,1342.0,215.0,277.0,66.0,2778.0,295.0,15406.0,300.0,104.0,453.0,4271.0,538.0,2420.0,3760.0,64.0,1855.0,1219.0,4134.0
9,290.0,251.0,221.0,276.0,816.0,131.0,3077.0,115.0,155.0,2249.0,55.0,46.0,15.0,25.0,115.0,1203.0,249.0,13.0,728.0,286.0,187.0,1342.0,215.0,277.0,66.0,2778.0,295.0,15406.0,300.0,104.0,453.0,4271.0,538.0,2420.0,3760.0,64.0,1855.0,1219.0,4134.0
10,290.0,251.0,221.0,276.0,816.0,131.0,3077.0,115.0,155.0,2249.0,55.0,46.0,15.0,25.0,115.0,1203.0,249.0,13.0,728.0,286.0,187.0,1342.0,215.0,277.0,66.0,2778.0,295.0,15406.0,300.0,104.0,453.0,4271.0,538.0,2420.0,3760.0,64.0,1855.0,1219.0,4134.0
11,290.0,251.0,221.0,276.0,816.0,131.0,3077.0,115.0,155.0,2249.0,55.0,46.0,15.0,25.0,115.0,1203.0,249.0,13.0,728.0,286.0,187.0,1342.0,215.0,277.0,66.0,2778.0,295.0,15406.0,300.0,104.0,453.0,4271.0,538.0,2420.0,3760.0,64.0,1855.0,1219.0,4134.0
12,290.0,251.0,221.0,276.0,816.0,131.0,3077.0,115.0,155.0,2249.0,55.0,46.0,15.0,25.0,115.0,1203.0,249.0,13.0,728.0,286.0,187.0,1342.0,215.0,277.0,66.0,2778.0,295.0,15406.0,300.0,104.0,453.0,4271.0,538.0,2420.0,3760.0,64.0,1855.0,1219.0,4134.0
13,290.0,251.0,221.0,276.0,816.0,131.0,3077.0,115.0,155.0,2249.0,55.0,46.0,15.0,25.0,115.0,1203.0,249.0,13.0,728.0,286.0,187.0,1342.0,215.0,277.0,66.0,2778.0,295.0,15406.0,300.0,104.0,453.0,4271.0,538.0,2420.0,3760.0,64.0,1855.0,1219.0,4134.0
14,290.0,251.0,221.0,276.0,816.0,131.0,3077.0,115.0,155.0,2249.0,55.0,46.0,15.0,25.0,115.0,1203.0,249.0,13.0,728.0,286.0,187.0,1342.0,215.0,277.0,66.0,2778.0,295.0,15406.0,300.0,104.0,453.0,4271.0,538.0,2420.0,3760.0,64.0,1855.0,1219.0,4134.0
15,290.0,251.0,221.0,276.0,816.0,131.0,3077.0,115.0,155.0,2249.0,55.0,46.0,15.0,25.0,115.0,1203.0,249.0,13.0,728.0,286.0,187.0,1342.0,215.0,277.0,66.0,2778.0,295.0,15406.0,300.0,104.0,453.0,4271.0,538.0,2420.0,3760.0,64.0,1855.0,1219.0,4134.0
16,290.0,251.0,221.0,276.0,816.0,131.0,3077.0,115.0,155.0,2249.0,55.0,46.0,15.0,25.0,115.0,1203.0,249.0,13.0,728.0,286.0,187.0,1342.0,215.0,277.0,66.0,2778.0,295.0,15406.0,300.0,104.0,453.0,4271.0,538.0,2420.0,3760.0,64.0,1855.0,1219.0,4134.0
17,290.0,251.0,221.0,276.0,816.0,131.0,3077.0,115.0,155.0,2249.0,55.0,46.0,15.0,25.0,115.0,1203.0,249.0,13.0,728.0,286.0,187.0,1342.0,215.0,277.0,66.0,2778.0,295.0,15406.0,300.0,104.0,453.0,4271.0,538.0,2420.0,3760.0,64.0,1855.0,1219.0,4134.0
18,290.0,251.0,221.0,276.0,816.0,131.0,3077.0,115.0,155.0,2249.0,55.0,46.0,15.0,25.0,115.0,1203.0,249.0,13.0,728.0,286.0,187.0,1342.0,215.0,277.0,66.0,2778.0,295.0,15406.0,300.0,104.0,453.0,4271.0,538.0,2420.0,3760.0,64.0,1855.0,1219.0,4134.0
19,290.0,251.0,221.0,276.0,816.0,131.0,3077.0,115.0,155.0,2249.0,55.0,46.0,15.0,25.0,115.0,1203.0,249.0,13.0,728.0,286.0,187.0,1342.0,215.0,277.0,66.0,2778.0,295.0,15406.0,300.0,104.0,453.0,4271.0,538.0,2420.0,3760.0,64.0,1855.0,1219.0,4134.0
20,290.0,251.0,221.0,276.0,816.0,131.0,3077.0,115.0,155.0,2249.0,55.0,46.0,15.0,25.0,115.0,1203.0,249.0,13.0,728.0,286.0,187.0,1342.0,215.0,277.0,66.0,2778.0,295.0,15406.0,300.0,104.0,453.0,4271.0,538.0,2420.0,3760.0,64.0,1855.0,1219.0,4134.0
21,290.0,251.0,221.0,276.0,816.0,131.0,3077.0,115.0,155.0,2249.0,55.0,46.0,15.0,25.0,115.0,1203.0,249.0,13.0,728.0,286.0,187.0,1342.0,215.0,277.0,66.0,2778.0,295.0,15406.0,300.0,104.0,453.0,4271.0,538.0,2420.0,3760.0,64.0,1855.0,1219.0,4134.0
22,290.0,251.0,221.0,276.0,816.0,131.0,3077.0,115.0,155.0,2249.0,55.0,46.0,15.0,25.0,115.0,1203.0,249.0,13.0,728.0,286.0,187.0,1342.0,215.0,277.0,66.0,2778.0,295.0,15406.0,300.0,104.0,453.0,4271.0,538.0,2420.0,3760.0,64.0,1855.0,1219.0,4134.0
23,290.0,251.0,221.0,276.0,816.0,131.0,3077.0,115.0,155.0,2249.0,55.0,46.0,15.0,25.0,115.0,1203.0,249.0,13.0,728.0,286.0,187.0,1342.0,215.0,277.0,66.0,2778.0,295.0,15406.0,300.0,104.0,453.0,4271.0,538.0,2420.0,3760.0,64.0,1855.0,1219.0,4134.0
24,290.0,251.0,221.0,276.0,816.0,131.0,3077.0,115.0,155.0,2249.0,55.0,46.0,15.0,25.0,115.0,1203.0,249.0,13.0,728.0,286.0,187.0,1342.0,215.0,277.0,66.0,2778.0,295.0,15406.0,300.0,104.0,453.0,4271.0,538.0,2420.0,3760.0,64.0,1855.0,1219.0,4134.0
25,290.0,251.0,221.0,276.0,816.0,131.0,3077.0,115.0,155.0,2249.0,55.0,46.0,15.0,25.0,115.0,1203.0,249.0,13.0,728.0,286.0,187.0,1342.0,215.0,277.0,66.0,2778.0,295.0,15406.0,300.0,104.0,453.0,4271.0,538.0,2420.0,3760.0,64.0,1855.0,1219.0,4134.0
26,290.0,251.0,221.0,276.0,816.0,131.0,3077.0,115.0,155.0,2249.0,55.0,46.0,15.0,25.0,115.0,1203.0,249.0,13.0,728.0,286.0,187.0,1342.0,215.0,277.0,66.0,2778.0,295.0,15406.0,300.0,104.0,453.0,4271.0,538.0,2420.0,3760.0,64.0,1855.0,1219.0,4134.0
27,290.0,251.0,221.0,276.0,816.0,131.0,3077.0,115.0,155.0,2249.0,55.0,46.0,15.0,25.0,115.0,1203.0,249.0,13.0,728.0,286.0,187.0,1342.0,215.0,277.0,66.0,2778.0,295.0,15406.0,300.0,104.0,453.0,4271.0,538.0,2420.0,3760.0,64.0,1855.0,1219.0,4134.0
28,290.0,251.0,221.0,276.0,816.0,131.0,3077.0,115.0,155.0,2249.0,55.0,46.0,15.0,25.0,115.0,1203.0,249.0,13.0,728.0,286.0,187.0,1342.0,215.0,277.0,66.0,2778.0,295.0,15406.0,300.0,104.0,453.0,4271.0,538.0,2420.0,3760.0,64.0,1855.0,1219.0,4134.0
29,290.0,251.0,221.0,276.0,816.0,131.0,3077.0,115.0,155.0,2249.0,55.0,46.0,15.0,25.0,115.0,1203.0,249.0,13.0,728.0,286.0,187.0,1342.0,215.0,277.0,66.0,2778.0,295.0,15406.0,300.0,104.0,453.0,4271.0,538.0,2420.0,3760.0,64.0,1855.0,1219.0,4134.0
30,290.0,251.0,221.0,276.0,816.0,131.0,3077.0,115.0,155.0,2249.0,55.0,46.0,15.0,25.0,115.0,1203.0,249.0,13.0,728.0,286.0,187.0,1342.0,215.0,277.0,66.0,2778.0,295.0,15406.0,300.0,104.0,453.0,4271.0,538.0,2420.0,3760.0,64.0,1855.0,1219.0,4134.0
31,290.0,251.0,221.0,276.0,816.0,131.0,3077.0,115.0,155.0,2249.0,55.0,46.0,15.0,25.0,115.0,1203.0,249.0,13.0,728.0,286.0,187.0,1342.0,215.0,277.0,66.0,2778.0,295.0,15406.0,300.0,104.0,453.0,4271.0,538.0,2420.0,3760.0,64.0,1855.0,1219.0,4134.0
32,290.0,251.0,221.0,276.0,816.0,131.0,3077.0,115.0,155.0,2249.0,55.0,46.0,15.0,25.0,115.0,1203.0,249.0,13.0,728.0,286.0,187.0,1342.0,215.0,277.0,66.0,2778.0,295.0,15406.0,300.0,104.0,453.0,4271.0,538.0,2420.0,3760.0,64.0,1855.0,1219.0,4134.0
33,290.0,251.0,221.0,276.0,816.0,131.0,3077.0,115.0,155.0,2249.0,55.0,46.0,15.0,25.0,115.0,1203.0,249.0,13.0,728.0,286.0,187.0,1342.0,215.0,277.0,66.0,2778.0,295.0,15406.0,300.0,104.0,453.0,4271.0,538.0,2420.0,3760.0,64.0,1855.0,1219.0,4134.0
34,290.0,251.0,221.0,276.0,816.0,131.0,3077.0,115.0,155.0,2249.0,55.0,46.0,15.0,25.0,115.0,1203.0,249.0,13.0,728.0,286.0,187.0,1342.0,215.0,277.0,66.0,2778.0,295.0,15406.0,300.0,104.0,453.0,4271.0,538.0,2420.0,3760.0,64.0,1855.0,1219.0,4134.0
35,290.0,251.0,221.0,276.0,816.0,131.0,3077.0,115.0,155.0,2249.0,55.0,46.0,15.0,25.0,115.0,1203.0,249.0,13.0,728.0,286.0,187.0,1342.0,215.0,277.0,66.0,2778.0,295.0,15406.0,300.0,104.0,453.0,4271.0,538.0,2420.0,3760.0,64.0,1855.0,1219.0,4134.0
36,290.0,251.0,221.0,276.0,816.0,131.0,3077.0,115.0,155.0,2249.0,55.0,46.0,15.0,25.0,115.0,1203.0,249.0,13.0,728.0,286.0,187.0,1342.0,215.0,277.0,66.0,2778.0,295.0,15406.0,300.0,104.0,453.0,4271.0,538.0,2420.0,3760.0,64.0,1855.0,1219.0,4134.0
37,290.0,251.0,221.0,276.0,816.0,131.0,3077.0,115.0,155.0,2249.0,55.0,46.0,15.0,25.0,115.0,1203.0,249.0,13.0,728.0,286.0,187.0,1342.0,215.0,277.0,66.0,2778.0,295.0,15406.0,300.0,104.0,453.0,4271.0,538.0,2420.0,3760.0,64.0,1855.0,1219.0,4134.0
38,290.0,251.0,221.0,276.0,816.0,131.0,3077.0,115.0,155.0,2249.0,55.0,46.0,15.0,25.0,115.0,1203.0,249.0,13.0,728.0,286.0,187.0,1342.0,215.0,277.0,66.0,2778.0,295.0,15406.0,300.0,104.0,453.0,4271.0,538.0,2420.0,3760.0,64.0,1855.0,1219.0,4134.0
39,290.0,251.0,221.0,276.0,816.0,131.0,3077.0,115.0,155.0,2249.0,55.0,46.0,15.0,25.0,115.0,1203.0,249.0,13.0,728.0,286.0,187.0,1342.0,215.0,277.0,66.0,2778.0,295.0,15406.0,300.0,104.0,453.0,4271.0,538.0,2420.0,3760.0,64.0,1855.0,1219.0,4134.0
40,290.0,251.0,221.0,276.0,816.0,131.0,3077.0,115.0,155.0,2249.0,55.0,46.0,15.0,25.0,115.0,1203.0,249.0,13.0,728.0,286.0,187.0,1342.0,215.0,277.0,66.0,2778.0,295.0,15406.0,300.0,104.0,453.0,4271.0,538.0,2420.0,3760.0,64.0,1855.0,1219.0,4134.0
41,290.0,251.0,221.0,276.0,816.0,131.0,3077.0,115.0,155.0,2249.0,55.0,46.0,15.0,25.0,115.0,1203.0,249.0,13.0,728.0,286.0,187.0,1342.0,215.0,277.0,66.0,2778.0,295.0,15406.0,300.0,104.0,453.0,4271.0,538.0,2420.0,3760.0,64.0,1855.0,1219.0,4134.0
42,290.0,251.0,221.0,276.0,816.0,131.0,3077.0,115.0,155.0,2249.0,55.0,46.0,15.0,25.0,115.0,1203.0,249.0,13.0,728.0,286.0,187.0,1342.0,215.0,277.0,66.0,2778.0,295.0,15406.0,300.0,104.0,453.0,4271.0,538.0,2420.0,3760.0,64.0,1855.0,1219.0,4134.0
43,290.0,251.0,221.0,276.0,816.0,131.0,3077.0,115.0,155.0,2249.0,55.0,46.0,15.0,25.0,115.0,1203.0,249.0,13.0,728.0,286.0,187.0,1342.0,215.0,277.0,66.0,2778.0,295.0,15406.0,300.0,104.0,453.0,4271.0,538.0,2420.0,3760.0,64.0,1855.0,1219.0,4134.0
44,290.0,251.0,221.0,276.0,816.0,131.0,3077.0,115.0,155.0,2249.0,55.0,46.0,15.0,25.0,115.0,1203.0,249.0,13.0,728.0,286.0,187.0,1342.0,215.0,277.0,66.0,2778.0,295.0,15406.0,300.0,104.0,453.0,4271.0,538.0,2420.0,3760.0,64.0,1855.0,1219.0,4134.0
45,290.0,251.0,221.0,276.0,816.0,131.0,3077.0,115.0,155.0,2249.0,55.0,46.0,15.0,25.0,115.0,1203.0,249.0,13.0,728.0,286.0,187.0,1342.0,215.0,277.0,66.0,2778.0,295.0,15406.0,300.0,104.0,453.0,4271.0,538.0,2420.0,3760.0,64.0,1855.0,1219.0,4134.0
46,290.0,251.0,221.0,276.0,816.0,131.0,3077.0,115.0,155.0,2249.0,55.0,46.0,15.0,25.0,115.0,1203.0,249.0,13.0,728.0,286.0,187.0,1342.0,215.0,277.0,66.0,2778.0,295.0,15406.0,300.0,104.0,453.0,4271.0,538.0,2420.0,3760.0,64.0,1855.0,1219.0,4134.0
47,290.0,251.0,221.0,276.0,816.0,131.0,3077.0,115.0,155.0,2249.0,55.0,46.0,15.0,25.0,115.0,1203.0,249.0,13.0,728.0,286.0,187.0,1342.0,215.0,277.0,66.0,2778.0,295.0,15406.0,300.0,104.0,453.0,4271.0,538.0,2420.0,3760.0,64.0,1855.0,1219.0,4134.0
48,290.0,251.0,221.0,276.0,816.0,131.0,3077.0,115.0,155.0,2249.0,55.0,46.0,15.0,25.0,115.0,1203.0,249.0,13.0,728.0,286.0,187.0,1342.0,215.0,277.0,66.0,2778.0,295.0,15406.0,300.0,104.0,453.0,4271.0,538.0,2420.0,3760.0,64.0,1855.0,1219.0,4134.0
49,290.0,251.0,221.0,276.0,816.0,131.0,3077.0,115.0,155.0,2249.0,55.0,46.0,15.0,25.0,115.0,1203.0,249.0,13.0,728.0,286.0,187.0,1342.0,215.0,277.0,66.0,2778.0,295.0,15406.0,300.0,104.0,453.0,4271.0,538.0,2420.0,3760.0,64.0,1855.0,1219.0,4134.0
50,290.0,251.0,221.0,276.0,816.0,131.0,3077.0,115.0,155.0,2249.0,55.0,46.0,15.0,25.0,115.0,1203.0,249.0,13.0,728.0,286.0,187.0,1342.0,215.0,277.0,66.0,2778.0,295.0,15406.0,300.0,104.0,453.0,4271.0,538.0,2420.0,3760.0,64.0,1855.0,1219.0,4134.0
51,290.0,251.0,221.0,276.0,816.0,131.0,3077.0,115.0,155.0,2249.0,55.0,46.0,15.0,25.0,115.0,1203.0,249.0,13.0,728.0,286.0,187.0,1342.0,215.0,277.0,66.0,2778.0,295.0,15406.0,300.0,104.0,453.0,4271.0,538.0,2420.0,3760.0,64.0,1855.0,1219.0,4134.0
52,290.0,251.0,221.0,276.0,816.0,131.0,3077.0,115.0,155.0,2249.0,55.0,46.0,15.0,25.0,115.0,1203.0,249.0,13.0,728.0,286.0,187.0,1342.0,215.0,277.0,66.0,2778.0,295.0,15406.0,300.0,104.0,453.0,4271.0,538.0,2420.0,3760.0,64.0,1855.0,1219.0,4134.0
53,290.0,251.0,221.0,276.0,816.0,131.0,3077.0,115.0,155.0,2249.0,55.0,46.0,15.0,25.0,115.0,1203.0,249.0,13.0,728.0,286.0,187.0,1342.0,215.0,277.0,66.0,2778.0,295.0,15406.0,300.0,104.0,453.0,4271.0,538.0,2420.0,3760.0,64.0,1855.0,1219.0,4134.0
54,290.0,251.0,221.0,276.0,816.0,131.0,3077.0,115.0,155.0,2249.0,55.0,46.0,15.0,25.0,115.0,1203.0,249.0,13.0,728.0,286.0,187.0,1342.0,215.0,277.0,66.0,2778.0,295.0,15406.0,300.0,104.0,453.0,4271.0,538.0,2420.0,3760.0,64.0,1855.0,1219.0,4134.0
55,290.0,251.0,221.0,276.0,816.0,131.0,3077.0,115.0,155.0,2249.0,55.0,46.0,15.0,25.0,115.0,1203.0,249.0,13.0,728.0,286.0,187.0,1342.0,215.0,277.0,66.0,2778.0,295.0,15406.0,300.0,104.0,453.0,4271.0,538.0,2420.0,3760.0,64.0,1855.0,1219.0,4134.0
56,290.0,251.0,221.0,276.0,816.0,131.0,3077.0,115.0,155.0,2249.0,55.0,46.0,15.0,25.0,115.0,1203.0,249.0,13.0,728.0,286.0,187.0,1342.0,215.0,277.0,66.0,2778.0,295.0,15406.0,300.0,104.0,453.0,4271.0,538.0,2420.0,3760.0,64.0,1855.0,1219.0,4134.0
57,290.0,251.0,221.0,276.0,816.0,131.0,3077.0,115.0,155.0,2249.0,55.0,46.0,15.0,25.0,115.0,1203.0,249.0,13.0,728.0,286.0,187.0,1342.0,215.0,277.0,66.0,2778.0,295.0,15406.0,300.0,104.0,453.0,4271.0,538.0,2420.0,3760.0,64.0,1855.0,1219.0,4134.0
58,290.0,251.0,221.0,276.0,816.0,131.0,3077.0,115.0,155.0,2249.0,55.0,46.0,15.0,25.0,115.0,1203.0,249.0,13.0,728.0,286.0,187.0,1342.0,215.0,277.0,66.0,2778.0,295.0,15406.0,300.0,104.0,453.0,4271.0,538.0,2420.0,3760.0,64.0,1855.0,1219.0,4134.0
59,290.0,251.0,221.0,276.0,816.0,131.0,3077.0,115.0,155.0,2249.0,55.0,46.0,15.0,25.0,115.0,1203.0,249.0,13.0,728.0,286.0,187.0,1342.0,215.0,277.0,66.0,2778.0,295.0,15406.0,300.0,104.0,453.0,4271.0,538.0,2420.0,3760.0,64.0,1855.0,1219.0,4134.0
60,290.0,251.0,221.0,276.0,816.0,131.0,3077.0,115.0,155.0,2249.0,55.0,46.0,15.0,25.0,115.0,1203.0,249.0,13.0,728.0,286.0,187.0,1342.0,215.0,277.0,66.0,2778.0,295.0,15406.0,300.0,104.0,453.0,4271.0,538.0,2420.0,3760.0,64.0,1855.0,1219.0,4134.0
61,290.0,251.0,221.0,276.0,816.0,131.0,3077.0,115.0,155.0,2249.0,55.0,46.0,15.0,25.0,115.0,1203.0,249.0,13.0,728.0,286.0,187.0,1342.0,215.0,277.0,66.0,2778.0,295.0,15406.0,300.0,104.0,453.0,4271.0,538.0,2420.0,3760.0,64.0,1855.0,1219.0,4134.0
62,290.0,251.0,221.0,276.0,816.0,131.0,3077.0,115.0,155.0,2249.0,55.0,46.0,15.0,25.0,115.0,1203.0,249.0,13.0,728.0,286.0,187.0,1342.0,215.0,277.0,66.0,2778.0,295.0,15406.0,300.0,104.0,453.0,4271.0,538.0,2420.0,3760.0,64.0,1855.0,1219.0,4134.0
63,290.0,251.0,221.0,276.0,816.0,131.0,3077.0,115.0,155.0,2249.0,55.0,46.0,15.0,25.0,115.0,1203.0,249.0,13.0,728.0,286.0,187.0,1342.0,215.0,277.0,66.0,2778.0,295.0,15406.0,300.0,104.0,453.0,4271.0,538.0,2420.0,3760.0,64.0,1855.0,1219.0,4134.0
64,290.0,251.0,221.0,276.0,816.0,131.0,3077.0,115.0,155.0,2249.0,55.0,46.0,15.0,25.0,115.0,1203.0,249.0,13.0,728.0,286.0,187.0,1342.0,215.0,277.0,66.0,2778.0,295.0,15406.0,300.0,104.0,453.0,4271.0,538.0,2420.0,3760.0,64.0,1855.0,1219.0,4134.0
65,290.0,251.0,221.0,276.0,816.0,131.0,3077.0,115.0,155.0,2249.0,55.0,46.0,15.0,25.0,115.0,1203.0,249.0,13.0,728.0,286.0,187.0,1342.0,215.0,277.0,66.0,2778.0,295.0,15406.0,300.0,104.0,453.0,4271.0,538.0,2420.0,3760.0,64.0,1855.0,1219.0,4134.0
66,290.0,251.0,221.0,276.0,816.0,131.0,3077.0,115.0,155.0,2249.0,55.0,46.0,15.0,25.0,115.0,1203.0,249.0,13.0,728.0,286.0,187.0,1342.0,215.0,277.0,66.0,2778.0,295.0,15406.0,300.0,104.0,453.0,4271.0,538.0,2420.0,3760.0,64.0,1855.0,1219.0,4134.0
67,290.0,251.0,221.0,276.0,816.0,131.0,3077.0,115.0,155.0,2249.0,55.0,46.0,15.0,25.0,115.0,1203.0,249.0,13.0,728.0,286.0,187.0,1342.0,215.0,277.0,66.0,2778.0,295.0,15406.0,300.0,104.0,453.0,4271.0,538.0,2420.0,3760.0,64.0,1855.0,1219.0,4134.0
68,290.0,251.0,221.0,276.0,816.0,131.0,3077.0,115.0,155.0,2249.0,55.0,46.0,15.0,25.0,115.0,1203.0,249.0,13.0,728.0,286.0,187.0,1342.0,215.0,277.0,66.0,2778.0,295.0,15406.0,300.0,104.0,453.0,4271.0,538.0,2420.0,3760.0,64.0,1855.0,1219.0,4134.0
69,290.0,251.0,221.0,276.0,816.0,131.0,3077.0,115.0,155.0,2249.0,55.0,46.0,15.0,25.0,115.0,1203.0,249.0,13.0,728.0,286.0,187.0,1342.0,215.0,277.0,66.0,2778.0,295.0,15406.0,300.0,104.0,453.0,4271.0,538.0,2420.0,3760.0,64.0,1855.0,1219.0,4134.0
70,290.0,251.0,221.0,276.0,816.0,131.0,3077.0,115.0,155.0,2249.0,55.0,46.0,15.0,25.0,115.0,1203.0,249.0,13.0,728.0,286.0,187.0,1342.0,215.0,277.0,66.0,2778.0,295.0,15406.0,300.0,104.0,453.0,4271.0,538.0,2420.0,3760.0,64.0,1855.0,1219.0,4134.0
71,290.0,251.0,221.0,276.0,816.0,131.0,3077.0,115.0,155.0,2249.0,55.0,46.0,15.0,25.0,115.0,1203.0,249.0,13.0,728.0,286.0,187.0,1342.0,215.0,277.0,66.0,2778.0,295.0,15406.0,300.0,104.0,453.0,4271.0,538.0,2420.0,3760.0,64.0,1855.0,1219.0,4134.0
72,290.0,251.0,221.0,276.0,816.0,131.0,3077.0,115.0,155.0,2249.0,55.0,46.0,15.0,25.0,115.0,1203.0,249.0,13.0,728.0,286.0,187.0,1342.0,215.0,277.0,66.0,2778.0,295.0,15406.0,300.0,104.0,453.0,4271.0,538.0,2420.0,3760.0,64.0,1855.0,1219.0,4134.0
73,290.0,251.0,221.0,276.0,816.0,131.0,3077.0,115.0,155.0,2249.0,55.0,46.0,15.0,25.0,115.0,1203.0,249.0,13.0,728.0,286.0,187.0,1342.0,215.0,277.0,66.0,2778.0,295.0,15406.0,300.0,104.0,453.0,4271.0,538.0,2420.0,3760.0,64.0,1855.0,1219.0,4134.0
74,290.0,251.0,221.0,276.0,816.0,131.0,3077.0,115.0,155.0,2249.0,55.0,46.0,15.0,25.0,115.0,1203.0,249.0,13.0,728.0,286.0,187.0,1342.0,215.0,277.0,66.0,2778.0,295.0,15406.0,300.0,104.0,453.0,4271.0,538.0,2420.0,3760.0,64.0,1855.0,1219.0,4134.0
75,290.0,251.0,221.0,276.0,816.0,131.0,3077.0,115.0,155.0,2249.0,55.0,46.0,15.0,25.0,115.0,1203.0,249.0,13.0,728.0,286.0,187.0,1342.0,215.0,277.0,66.0,2778.0,295.0,15406.0,300.0,104.0,453.0,4271.0,538.0,2420.0,3760.0,64.0,1855.0,1219.0,4134.0
76,290.0,251.0,221.0,276.0,816.0,131.0,3077.0,115.0,155.0,2249.0,55.0,46.0,15.0,25.0,115.0,1203.0,249.0,13.0,728.0,286.0,187.0,1342.0,215.0,277.0,66.0,2778.0,295.0,15406.0,300.0,104.0,453.0,4271.0,538.0,2420.0,3760.0,64.0,1855.0,1219.0,4134.0
77,290.0,251.0,221.0,276.0,816.0,131.0,3077.0,115.0,155.0,2249.0,55.0,46.0,15.0,25.0,115.0,1203.0,249.0,13.0,728.0,286.0,187.0,1342.0,215.0,277.0,66.0,2778.0,295.0,15406.0,300.0,104.0,453.0,4271.0,538.0,2420.0,3760.0,64.0,1855.0,1219.0,4134.0
78,290.0,251.0,221.0,276.0,816.0,131.0,3077.0,115.0,155.0,2249.0,55.0,46.0,15.0,25.0,115.0,1203.0,249.0,13.0,728.0,286.0,187.0,1342.0,215.0,277.0,66.0,2778.0,295.0,15406.0,300.0,104.0,453.0,4271.0,538.0,2420.0,3760.0,64.0,1855.0,1219.0,4134.0
79,290.0,251.0,221.0,276.0,816.0,131.0,3077.0,115.0,155.0,2249.0,55.0,46.0,15.0,25.0,115.0,1203.0,249.0,13.0,728.0,286.0,187.0,1342.0,215.0,277.0,66.0,2778.0,295.0,15406.0,300.0,104.0,453.0,4271.0,538.0,2420.0,3760.0,64.0,1855.0,1219.0,4134.0
80,290.0,251.0,221.0,276.0,816.0,131.0,3077.0,115.0,155.0,2249.0,55.0,46.0,15.0,25.0,115.0,1203.0,249.0,13.0,728.0,286.0,187.0,1342.0,215.0,277.0,66.0,2778.0,295.0,15406.0,300.0,104.0,453.0,4271.0,538.0,2420.0,3760.0,64.0,1855.0,1219.0,4134.0
81,290.0,251.0,221.0,276.0,816.0,131.0,3077.0,115.0,155.0,2249.0,55.0,46.0,15.0,25.0,115.0,1203.0,249.0,13.0,728.0,286.0,187.0,1342.0,215.0,277.0,66.0,2778.0,295.0,15406.0,300.0,104.0,453.0,4271.0,538.0,2420.0,3760.0,64.0,1855.0,1219.0,4134.0
82,290.0,251.0,221.0,276.0,816.0,131.0,3077.0,115.0,155.0,2249.0,55.0,46.0,15.0,25.0,115.0,1203.0,249.0,13.0,728.0,286.0,187.0,1342.0,215.0,277.0,66.0,2778.0,295.0,15406.0,300.0,104.0,453.0,4271.0,538.0,2420.0,3760.0,64.0,1855.0,1219.0,4134.0
83,290.0,251.0,221.0,276.0,816.0,131.0,3077.0,115.0,155.0,2249.0,55.0,46.0,15.0,25.0,115.0,1203.0,249.0,13.0,728.0,286.0,187.0,1342.0,215.0,277.0,66.0,2778.0,295.0,15406.0,300.0,104.0,453.0,4271.0,538.0,2420.0,3760.0,64.0,1855.0,1219.0,4134.0
84,290.0,251.0,221.0,276.0,816.0,131.0,3077.0,115.0,155.0,2249.0,55.0,46.0,15.0,25.0,115.0,1203.0,249.0,13.0,728.0,286.0,187.0,1342.0,215.0,277.0,66.0,2778.0,295.0,15406.0,300.0,104.0,453.0,4271.0,538.0,2420.0,3760.0,64.0,1855.0,1219.0,4134.0
85,290.0,251.0,221.0,276.0,816.0,131.0,3077.0,115.0,155.0,2249.0,55.0,46.0,15.0,25.0,115.0,1203.0,249.0,13.0,728.0,286.0,187.0,1342.0,215.0,277.0,66.0,2778.0,295.0,15406.0,300.0,104.0,453.0,4271.0,538.0,2420.0,3760.0,64.0,1855.0,1219.0,4134.0
86,290.0,251.0,221.0,276.0,816.0,131.0,3077.0,115.0,155.0,2249.0,55.0,46.0,15.0,25.0,115.0,1203.0,249.0,13.0,728.0,286.0,187.0,1342.0,215.0,277.0,66.0,2778.0,295.0,15406.0,300.0,104.0,453.0,4271.0,538.0,2420.0,3760.0,64.0,1855.0,1219.0,4134.0
87,290.0,251.0,221.0,276.0,816.0,131.0,3077.0,115.0,155.0,2249.0,55.0,46.0,15.0,25.0,115.0,1203.0,249.0,13.0,728.0,286.0,187.0,1342.0,215.0,277.0,66.0,2778.0,295.0,15406.0,300.0,104.0,453.0,4271.0,538.0,2420.0,3760.0,64.0,1855.0,1219.0,4134.0
88,290.0,251.0,221.0,276.0,816.0,131.0,3077.0,115.0,155.0,2249.0,55.0,46.0,15.0,25.0,115.0,1203.0,249.0,13.0,728.0,286.0,187.0,1342.0,215.0,277.0,66.0,2778.0,295.0,15406.0,300.0,104.0,453.0,4271.0,538.0,2420.0,3760.0,64.0,1855.0,1219.0,4134.0
89,290.0,251.0,221.0,276.0,816.0,131.0,3077.0,115.0,155.0,2249.0,55.0,46.0,15.0,25.0,115.0,1203.0,249.0,13.0,728.0,286.0,187.0,1342.0,215.0,277.0,66.0,2778.0,295.0,15406.0,300.0,104.0,453.0,4271.0,538.0,2420.0,3760.0,64.0,1855.0,1219.0,4134.0
90,290.0,251.0,221.0,276.0,816.0,131.0,3077.0,115.0,155.0,2249.0,55.0,46.0,15.0,25.0,115.0,1203.0,249.0,13.0,728.0,286.0,187.0,1342.0,215.0,277.0,66.0,2778.0,295.0,15406.0,300.0,104.0,453.0,4271.0,538.0,2420.0,3760.0,64.0,1855.0,1219.0,4134.0
91,290.0,251.0,221.0,276.0,816.0,131.0,3077.0,115.0,155.0,2249.0,55.0,46.0,15.0,25.0,115.0,1203.0,249.0,13.0,728.0,286.0,187.0,1342.0,215.0,277.0,66.0,2778.0,295.0,15406.0,300.0,104.0,453.0,4271.0,538.0,2420.0,3760.0,64.0,1855.0,1219.0,4134.0
92,290.0,251.0,221.0,276.0,816.0,131.0,3077.0,115.0,155.0,2249.0,55.0,46.0,15.0,25.0,115.0,1203.0,249.0,13.0,728.0,286.0,187.0,1342.0,215.0,277.0,66.0,2778.0,295.0,15406.0,300.0,104.0,453.0,4271.0,538.0,2420.0,3760.0,64.0,1855.0,1219.0,4134.0
93,290.0,251.0,221.0,276.0,816.0,131.0,3077.0,115.0,155.0,2249.0,55.0,46.0,15.0,25.0,115.0,1203.0,249.0,13.0,728.0,286.0,187.0,1342.0,215.0,277.0,66.0,2778.0,295.0,15406.0,300.0,104.0,453.0,4271.0,538.0,2420.0,3760.0,64.0,1855.0,1219.0,4134.0
94,290.0,251.0,221.0,276.0,816.0,131.0,3077.0,115.0,155.0,2249.0,55.0,46.0,15.0,25.0,115.0,1203.0,249.0,13.0,728.0,286.0,187.0,1342.0,215.0,277.0,66.0,2778.0,295.0,15406.0,300.0,104.0,453.0,4271.0,538.0,2420.0,3760.0,64.0,1855.0,1219.0,4134.0
95,290.0,251.0,221.0,276.0,816.0,131.0,3077.0,115.0,155.0,2249.0,55.0,46.0,15.0,25.0,115.0,1203.0,249.0,13.0,728.0,286.0,187.0,1342.0,215.0,277.0,66.0,2778.0,295.0,15406.0,300.0,104.0,453.0,4271.0,538.0,2420.0,3760.0,64.0,1855.0,1219.0,4134.0
96,290.0,251.0,221.0,276.0,816.0,131.0,3077.0,115.0,155.0,2249.0,55.0,46.0,15.0,25.0,115.0,1203.0,249.0,13.0,728.0,286.0,187.0,1342.0,215.0,277.0,66.0,2778.0,295.0,15406.0,300.0,104.0,453.0,4271.0,538.0,2420.0,3760.0,64.0,1855.0,1219.0,4134.0
97,290.0,251.0,221.0,276.0,816.0,131.0,3077.0,115.0,155.0,2249.0,55.0,46.0,15.0,25.0,115.0,1203.0,249.0,13.0,728.0,286.0,187.0,1342.0,215.0,277.0,66.0,2778.0,295.0,15406.0,300.0,104.0,453.0,4271.0,538.0,2420.0,3760.0,64.0,1855.0,1219.0,4134.0
98,290.0,251.0,221.0,276.0,816.0,131.0,3077.0,115.0,155.0,2249.0,55.0,46.0,15.0,25.0,115.0,1203.0,249.0,13.0,728.0,286.0,187.0,1342.0,215.0,277.0,66.0,2778.0,295.0,15406.0,300.0,104.0,453.0,4271.0,538.0,2420.0,3760.0,64.0,1855.0,1219.0,4134.0
99,290.0,251.0,221.0,276.0,816.0,131.0,3077.0,115.0,155.0,2249.0,55.0,46.0,15.0,25.0,115.0,1203.0,249.0,13.0,728.0,286.0,187.0,1342.0,215.0,277.0,66.0,2778.0,295.0,15406.0,300.0,104.0,453.0,4271.0,538.0,2420.0,3760.0,64.0,1855.0,1219.0,4134.0
